BookId,Book Name,Genre,Publication Year,URL,Writer Name,Review,Pages,Ratings,Keywords
BK001,The Book Thief,Science Fiction,1879,https://en.wikipedia.org/wiki/The_Book_Thief,J.D. Salinger,"To Kill a Mockingbird is a profound exploration of race, morality, and justice in the American South. Written by Harper Lee, the novel follows young Scout Finch and her brother Jem as they witness their father, Atticus Finch, defend a black man falsely accused of raping a white woman. The story is filled with themes of prejudice, empathy, and the loss of innocence. Lee’s portrayal of the complexities of human nature and the importance of standing up for what is right makes this novel a powerful and enduring classic. The characters are well-drawn, and the themes remain relevant in today’s society.",296,3.1,"book thief, markus zusak, liesel meminger, nazi germany, world war ii, death narrator, books, resilience"
BK002,The Picture of Dorian Gray,Dystopian,2014,https://en.wikipedia.org/wiki/The_Picture_of_Dorian_Gray,Harper Lee,"The Hobbit is a captivating fantasy novel that takes readers on a journey through the fictional world of Middle-earth. Written by J.R.R. Tolkien, it follows the adventures of Bilbo Baggins, a hobbit who is reluctantly drawn into a quest to reclaim treasure from the dragon Smaug. The novel is filled with vivid descriptions of landscapes, creatures, and mythical beings, making it an immersive read. The characters are richly developed, with Bilbo's transformation from a shy, unassuming hobbit to a courageous hero being particularly compelling. The book also explores themes of bravery, friendship, and the struggle between good and evil. Overall, The Hobbit is a timeless classic that has captivated generations of readers and continues to be a must-read for fantasy enthusiasts.",267,2.6,"the picture of dorian gray, harper lee, dystopian, picture, dorian, story, characters, themes"
BK003,The Book Thief,Romance,2006,https://en.wikipedia.org/wiki/The_Book_Thief,Charlotte Brontë,"The Secret Garden is a heartwarming novel by Frances Hodgson Burnett that tells the story of Mary Lennox, a spoiled and lonely girl who discovers a hidden, magical garden. As Mary transforms the garden, she also transforms herself and the lives of those around her. The novel is filled with themes of personal growth, friendship, and the healing power of nature. Burnett’s writing is gentle yet powerful, and the story’s message of hope and renewal resonates with readers of all ages. The Secret Garden is a classic tale of redemption and the power of kindness.",219,1.1,"book thief, markus zusak, liesel meminger, nazi germany, world war ii, death narrator, books, resilience"
BK004,Frankenstein,Mystery,1894,https://en.wikipedia.org/wiki/Frankenstein,Leo Tolstoy,"The Catcher in the Rye is a powerful coming-of-age novel that captures the struggles of adolescence. Written by J.D. Salinger, the story follows Holden Caulfield, a disillusioned teenager who feels disconnected from the world around him. The novel explores themes of alienation, identity, and the loss of innocence. Holden’s inner turmoil is conveyed with raw emotion, making it a deeply personal and relatable story for many readers. Salinger’s portrayal of the complexity of adolescence remains compelling and relevant, making the novel a touchstone for generations of young readers.",667,3.1,"frankenstein, leo tolstoy, mystery, story, characters, themes"
BK005,The Road,Mystery,1803,https://en.wikipedia.org/wiki/The_Road_(novel),George Orwell,"The Hobbit is a captivating fantasy novel that takes readers on a journey through the fictional world of Middle-earth. Written by J.R.R. Tolkien, it follows the adventures of Bilbo Baggins, a hobbit who is reluctantly drawn into a quest to reclaim treasure from the dragon Smaug. The novel is filled with vivid descriptions of landscapes, creatures, and mythical beings, making it an immersive read. The characters are richly developed, with Bilbo's transformation from a shy, unassuming hobbit to a courageous hero being particularly compelling. The book also explores themes of bravery, friendship, and the struggle between good and evil. Overall, The Hobbit is a timeless classic that has captivated generations of readers and continues to be a must-read for fantasy enthusiasts.",855,1.8,"the road, george orwell, mystery, road, story, characters, themes"
BK006,Dracula,Fantasy,1957,https://en.wikipedia.org/wiki/Dracula,Charlotte Brontë,"Pride and Prejudice is a timeless romance novel that deftly explores the intricacies of love, class, and society. Written by Jane Austen, it follows the relationship between the strong-willed Elizabeth Bennet and the aloof Mr. Darcy. The novel is filled with witty dialogue, insightful observations, and memorable characters. Austen masterfully critiques the social norms of the time, particularly regarding marriage and class, while creating a story that still resonates with readers today. Elizabeth and Darcy’s evolving relationship is at the heart of the story, making it an enduring classic of English literature.",489,3.6,"dracula, charlotte brontë, fantasy, story, characters, themes"
BK007,The Kite Runner,Historical,1985,https://en.wikipedia.org/wiki/The_Kite_Runner,J.R.R. Tolkien,"The Outsiders is a gripping story of class conflict, friendship, and growing up. Written by S.E. Hinton, the novel follows the lives of two rival groups: the Greasers and the Socs. Through the eyes of Ponyboy Curtis, the reader is drawn into the struggles of adolescence, including issues of identity, loyalty, and violence. Hinton’s portrayal of the complexity of youth, and the tension between social classes, makes this novel both compelling and thought-provoking. The Outsiders remains a poignant reminder of the challenges of growing up and the importance of finding one’s place in the world.",627,2.2,"the kite runner, j.r.r. tolkien, historical, kite, runner, story, characters, themes"
BK008,The Great Gatsby,Fiction,1851,https://en.wikipedia.org/wiki/The_Great_Gatsby,Fyodor Dostoevsky,"The Great Gatsby is a mesmerizing portrayal of the American Dream gone awry. F. Scott Fitzgerald’s novel is set in the Jazz Age, a time of excess, decadence, and ambition. The story centers on Jay Gatsby, a mysterious millionaire who throws extravagant parties in the hopes of rekindling a lost romance with Daisy Buchanan. Through the eyes of narrator Nick Carraway, we see the emptiness beneath the glittering facade of wealth and privilege. The novel examines themes of love, class, and the fleeting nature of happiness, with Fitzgerald’s lyrical prose adding to the haunting beauty of the story.",576,2,"the great gatsby, f. scott fitzgerald, jay gatsby, nick carraway, new york, american dream, jazz age, wealth"
BK009,A Wrinkle in Time,Mystery,1990,https://en.wikipedia.org/wiki/A_Wrinkle_in_Time,Harper Lee,"The Secret Garden is a heartwarming novel by Frances Hodgson Burnett that tells the story of Mary Lennox, a spoiled and lonely girl who discovers a hidden, magical garden. As Mary transforms the garden, she also transforms herself and the lives of those around her. The novel is filled with themes of personal growth, friendship, and the healing power of nature. Burnett’s writing is gentle yet powerful, and the story’s message of hope and renewal resonates with readers of all ages. The Secret Garden is a classic tale of redemption and the power of kindness.",380,4.4,"a wrinkle in time, harper lee, mystery, wrinkle, time, story, characters, themes"
BK010,The Shining,Fiction,2009,https://en.wikipedia.org/wiki/The_Shinig,Fyodor Dostoevsky,"The Secret Garden is a heartwarming novel by Frances Hodgson Burnett that tells the story of Mary Lennox, a spoiled and lonely girl who discovers a hidden, magical garden. As Mary transforms the garden, she also transforms herself and the lives of those around her. The novel is filled with themes of personal growth, friendship, and the healing power of nature. Burnett’s writing is gentle yet powerful, and the story’s message of hope and renewal resonates with readers of all ages. The Secret Garden is a classic tale of redemption and the power of kindness.",839,4.9,"the shining, fyodor dostoevsky, fiction, shining, story, characters, themes"
BK011,1984,Horror,1904,https://en.wikipedia.org/wiki/Nineteen_Eighty-Four,J.D. Salinger,"To Kill a Mockingbird is a profound exploration of race, morality, and justice in the American South. Written by Harper Lee, the novel follows young Scout Finch and her brother Jem as they witness their father, Atticus Finch, defend a black man falsely accused of raping a white woman. The story is filled with themes of prejudice, empathy, and the loss of innocence. Lee’s portrayal of the complexities of human nature and the importance of standing up for what is right makes this novel a powerful and enduring classic. The characters are well-drawn, and the themes remain relevant in today’s society.",557,2.6,"1984, george orwell, winston smith, big brother, oceania, surveillance, totalitarianism, rebellion, dystopia"
BK012,Frankenstein,Fiction,1939,https://en.wikipedia.org/wiki/Frankenstein,Leo Tolstoy,"The Great Gatsby is a mesmerizing portrayal of the American Dream gone awry. F. Scott Fitzgerald’s novel is set in the Jazz Age, a time of excess, decadence, and ambition. The story centers on Jay Gatsby, a mysterious millionaire who throws extravagant parties in the hopes of rekindling a lost romance with Daisy Buchanan. Through the eyes of narrator Nick Carraway, we see the emptiness beneath the glittering facade of wealth and privilege. The novel examines themes of love, class, and the fleeting nature of happiness, with Fitzgerald’s lyrical prose adding to the haunting beauty of the story.",727,1.1,"frankenstein, leo tolstoy, fiction, story, characters, themes"
BK013,The Alchemist,Science Fiction,1837,https://en.wikipedia.org/wiki/The_Alchemist_(novel),F. Scott Fitzgerald,"1984 is a chilling depiction of a dystopian society governed by totalitarian rule. George Orwell’s novel is set in a world where the government, represented by Big Brother, exercises absolute control over every aspect of life. The protagonist, Winston Smith, works for the Party but secretly rebels against the oppressive regime. The novel explores themes of surveillance, freedom, and the manipulation of truth, making it eerily relevant in today’s world. Orwell's writing is sharp, engaging, and thought-provoking, and the story is both a warning and a reflection on the dangers of unchecked political power.",769,3.4,"the alchemist, f. scott fitzgerald, science fiction, alchemist, story, characters, themes"
BK014,Lord of the Flies,Fantasy,1993,https://en.wikipedia.org/wiki/Lord_of_the_Flies,J.R.R. Tolkien,"The Secret Garden is a heartwarming novel by Frances Hodgson Burnett that tells the story of Mary Lennox, a spoiled and lonely girl who discovers a hidden, magical garden. As Mary transforms the garden, she also transforms herself and the lives of those around her. The novel is filled with themes of personal growth, friendship, and the healing power of nature. Burnett’s writing is gentle yet powerful, and the story’s message of hope and renewal resonates with readers of all ages. The Secret Garden is a classic tale of redemption and the power of kindness.",315,1.7,"lord of the flies, j.r.r. tolkien, fantasy, lord, flies, story, characters, themes"
BK015,The Shining,Mystery,1864,https://en.wikipedia.org/wiki/The_Shinig,George Orwell,"Pride and Prejudice is a timeless romance novel that deftly explores the intricacies of love, class, and society. Written by Jane Austen, it follows the relationship between the strong-willed Elizabeth Bennet and the aloof Mr. Darcy. The novel is filled with witty dialogue, insightful observations, and memorable characters. Austen masterfully critiques the social norms of the time, particularly regarding marriage and class, while creating a story that still resonates with readers today. Elizabeth and Darcy’s evolving relationship is at the heart of the story, making it an enduring classic of English literature.",743,3.8,"the shining, george orwell, mystery, shining, story, characters, themes"
BK016,Dracula,Romance,1875,https://en.wikipedia.org/wiki/Dracula,J.R.R. Tolkien,"The Outsiders is a gripping story of class conflict, friendship, and growing up. Written by S.E. Hinton, the novel follows the lives of two rival groups: the Greasers and the Socs. Through the eyes of Ponyboy Curtis, the reader is drawn into the struggles of adolescence, including issues of identity, loyalty, and violence. Hinton’s portrayal of the complexity of youth, and the tension between social classes, makes this novel both compelling and thought-provoking. The Outsiders remains a poignant reminder of the challenges of growing up and the importance of finding one’s place in the world.",347,4.9,"dracula, j.r.r. tolkien, romance, story, characters, themes"
BK017,War and Peace,Science Fiction,1958,https://en.wikipedia.org/wiki/War_and_Peace,George Orwell,"The Great Gatsby is a mesmerizing portrayal of the American Dream gone awry. F. Scott Fitzgerald’s novel is set in the Jazz Age, a time of excess, decadence, and ambition. The story centers on Jay Gatsby, a mysterious millionaire who throws extravagant parties in the hopes of rekindling a lost romance with Daisy Buchanan. Through the eyes of narrator Nick Carraway, we see the emptiness beneath the glittering facade of wealth and privilege. The novel examines themes of love, class, and the fleeting nature of happiness, with Fitzgerald’s lyrical prose adding to the haunting beauty of the story.",1032,4.1,"war and peace, george orwell, science fiction, peace, story, characters, themes"
BK018,Ender's Game,Fiction,1990,https://en.wikipedia.org/wiki/Ender%27s_Game,Leo Tolstoy,"To Kill a Mockingbird is a profound exploration of race, morality, and justice in the American South. Written by Harper Lee, the novel follows young Scout Finch and her brother Jem as they witness their father, Atticus Finch, defend a black man falsely accused of raping a white woman. The story is filled with themes of prejudice, empathy, and the loss of innocence. Lee’s portrayal of the complexities of human nature and the importance of standing up for what is right makes this novel a powerful and enduring classic. The characters are well-drawn, and the themes remain relevant in today’s society.",368,5,"ender's game, leo tolstoy, fiction, ender's, game, story, characters, themes"
BK019,War and Peace,Horror,1983,https://en.wikipedia.org/wiki/War_and_Peace,Herman Melville,"The Road is a haunting post-apocalyptic novel by Cormac McCarthy that tells the story of a father and son struggling to survive in a desolate world. The novel is stark, spare, and deeply emotional, with McCarthy’s poetic writing capturing the bleakness of the environment and the deep love between the two characters. The father’s determination to protect his son and their struggle to maintain their humanity in a world devoid of hope form the emotional core of the story. The Road is a powerful meditation on survival, love, and the human spirit.",702,2.6,"war and peace, herman melville, horror, peace, story, characters, themes"
BK020,Murder on the Orient Express,Mystery,1949,https://en.wikipedia.org/wiki/Murder_on_the_Orient_Express,Harper Lee,"The Catcher in the Rye is a powerful coming-of-age novel that captures the struggles of adolescence. Written by J.D. Salinger, the story follows Holden Caulfield, a disillusioned teenager who feels disconnected from the world around him. The novel explores themes of alienation, identity, and the loss of innocence. Holden’s inner turmoil is conveyed with raw emotion, making it a deeply personal and relatable story for many readers. Salinger’s portrayal of the complexity of adolescence remains compelling and relevant, making the novel a touchstone for generations of young readers.",473,1.3,"murder on the orient express, harper lee, mystery, murder, orient, story, characters, themes"
BK021,The Chronicles of Narnia,Horror,1963,https://en.wikipedia.org/wiki/The_Chronicles_of_Narnia,Fyodor Dostoevsky,"The Hobbit is a captivating fantasy novel that takes readers on a journey through the fictional world of Middle-earth. Written by J.R.R. Tolkien, it follows the adventures of Bilbo Baggins, a hobbit who is reluctantly drawn into a quest to reclaim treasure from the dragon Smaug. The novel is filled with vivid descriptions of landscapes, creatures, and mythical beings, making it an immersive read. The characters are richly developed, with Bilbo's transformation from a shy, unassuming hobbit to a courageous hero being particularly compelling. The book also explores themes of bravery, friendship, and the struggle between good and evil. Overall, The Hobbit is a timeless classic that has captivated generations of readers and continues to be a must-read for fantasy enthusiasts.",1014,3.4,"the chronicles of narnia, fyodor dostoevsky, horror, chronicles, narnia, story, characters, themes"
BK022,The Hunger Games,Romance,2012,https://en.wikipedia.org/wiki/The_Hunger_Games,Fyodor Dostoevsky,"The Road is a haunting post-apocalyptic novel by Cormac McCarthy that tells the story of a father and son struggling to survive in a desolate world. The novel is stark, spare, and deeply emotional, with McCarthy’s poetic writing capturing the bleakness of the environment and the deep love between the two characters. The father’s determination to protect his son and their struggle to maintain their humanity in a world devoid of hope form the emotional core of the story. The Road is a powerful meditation on survival, love, and the human spirit.",856,3.5,"the hunger games, fyodor dostoevsky, romance, hunger, games, story, characters, themes"
BK023,The Color Purple,Science Fiction,1825,https://en.wikipedia.org/wiki/The_Color_Purple,Leo Tolstoy,"The Catcher in the Rye is a powerful coming-of-age novel that captures the struggles of adolescence. Written by J.D. Salinger, the story follows Holden Caulfield, a disillusioned teenager who feels disconnected from the world around him. The novel explores themes of alienation, identity, and the loss of innocence. Holden’s inner turmoil is conveyed with raw emotion, making it a deeply personal and relatable story for many readers. Salinger’s portrayal of the complexity of adolescence remains compelling and relevant, making the novel a touchstone for generations of young readers.",1149,3.9,"the color purple, leo tolstoy, science fiction, color, purple, story, characters, themes"
BK024,The Color Purple,Fantasy,2001,https://en.wikipedia.org/wiki/The_Color_Purple,J.R.R. Tolkien,"The Road is a haunting post-apocalyptic novel by Cormac McCarthy that tells the story of a father and son struggling to survive in a desolate world. The novel is stark, spare, and deeply emotional, with McCarthy’s poetic writing capturing the bleakness of the environment and the deep love between the two characters. The father’s determination to protect his son and their struggle to maintain their humanity in a world devoid of hope form the emotional core of the story. The Road is a powerful meditation on survival, love, and the human spirit.",261,1.6,"the color purple, j.r.r. tolkien, fantasy, color, purple, story, characters, themes"
BK025,Ender's Game,Fantasy,1903,https://en.wikipedia.org/wiki/Ender%27s_Game,F. Scott Fitzgerald,"Pride and Prejudice is a timeless romance novel that deftly explores the intricacies of love, class, and society. Written by Jane Austen, it follows the relationship between the strong-willed Elizabeth Bennet and the aloof Mr. Darcy. The novel is filled with witty dialogue, insightful observations, and memorable characters. Austen masterfully critiques the social norms of the time, particularly regarding marriage and class, while creating a story that still resonates with readers today. Elizabeth and Darcy’s evolving relationship is at the heart of the story, making it an enduring classic of English literature.",1021,2,"ender's game, f. scott fitzgerald, fantasy, ender's, game, story, characters, themes"
BK026,A Wrinkle in Time,Fantasy,1833,https://en.wikipedia.org/wiki/A_Wrinkle_in_Time,J.D. Salinger,"Wuthering Heights is a dark and passionate novel that explores the destructive power of love. Written by Emily Brontë, it tells the story of Heathcliff, a brooding and vengeful man, and his obsessive love for Catherine Earnshaw. The novel is filled with intense emotions, and Brontë’s writing conveys the wildness and isolation of the Yorkshire moors. Wuthering Heights explores themes of love, revenge, and the consequences of unchecked passion. The novel’s Gothic atmosphere and complex characters make it a timeless classic that continues to captivate readers.",757,1.4,"a wrinkle in time, j.d. salinger, fantasy, wrinkle, time, story, characters, themes"
BK027,The Maze Runner,Dystopian,1989,https://en.wikipedia.org/wiki/The_Maze_Runner,Harper Lee,"To Kill a Mockingbird is a profound exploration of race, morality, and justice in the American South. Written by Harper Lee, the novel follows young Scout Finch and her brother Jem as they witness their father, Atticus Finch, defend a black man falsely accused of raping a white woman. The story is filled with themes of prejudice, empathy, and the loss of innocence. Lee’s portrayal of the complexities of human nature and the importance of standing up for what is right makes this novel a powerful and enduring classic. The characters are well-drawn, and the themes remain relevant in today’s society.",272,4.5,"the maze runner, harper lee, dystopian, maze, runner, story, characters, themes"
BK028,The Book Thief,Mystery,1901,https://en.wikipedia.org/wiki/The_Book_Thief,J.R.R. Tolkien,"The Hobbit is a captivating fantasy novel that takes readers on a journey through the fictional world of Middle-earth. Written by J.R.R. Tolkien, it follows the adventures of Bilbo Baggins, a hobbit who is reluctantly drawn into a quest to reclaim treasure from the dragon Smaug. The novel is filled with vivid descriptions of landscapes, creatures, and mythical beings, making it an immersive read. The characters are richly developed, with Bilbo's transformation from a shy, unassuming hobbit to a courageous hero being particularly compelling. The book also explores themes of bravery, friendship, and the struggle between good and evil. Overall, The Hobbit is a timeless classic that has captivated generations of readers and continues to be a must-read for fantasy enthusiasts.",470,4.6,"book thief, markus zusak, liesel meminger, nazi germany, world war ii, death narrator, books, resilience"
BK029,The Color Purple,Mystery,2004,https://en.wikipedia.org/wiki/The_Color_Purple,Charlotte Brontë,"The Secret Garden is a heartwarming novel by Frances Hodgson Burnett that tells the story of Mary Lennox, a spoiled and lonely girl who discovers a hidden, magical garden. As Mary transforms the garden, she also transforms herself and the lives of those around her. The novel is filled with themes of personal growth, friendship, and the healing power of nature. Burnett’s writing is gentle yet powerful, and the story’s message of hope and renewal resonates with readers of all ages. The Secret Garden is a classic tale of redemption and the power of kindness.",816,4.9,"the color purple, charlotte brontë, mystery, color, purple, story, characters, themes"
BK030,The Maze Runner,Mystery,1894,https://en.wikipedia.org/wiki/The_Maze_Runner,Harper Lee,"1984 is a chilling depiction of a dystopian society governed by totalitarian rule. George Orwell’s novel is set in a world where the government, represented by Big Brother, exercises absolute control over every aspect of life. The protagonist, Winston Smith, works for the Party but secretly rebels against the oppressive regime. The novel explores themes of surveillance, freedom, and the manipulation of truth, making it eerily relevant in today’s world. Orwell's writing is sharp, engaging, and thought-provoking, and the story is both a warning and a reflection on the dangers of unchecked political power.",162,2,"the maze runner, harper lee, mystery, maze, runner, story, characters, themes"
BK031,Slaughterhouse-Five,Fiction,1925,https://en.wikipedia.org/wiki/Slaughterhouse-Five,Charlotte Brontë,"1984 is a chilling depiction of a dystopian society governed by totalitarian rule. George Orwell’s novel is set in a world where the government, represented by Big Brother, exercises absolute control over every aspect of life. The protagonist, Winston Smith, works for the Party but secretly rebels against the oppressive regime. The novel explores themes of surveillance, freedom, and the manipulation of truth, making it eerily relevant in today’s world. Orwell's writing is sharp, engaging, and thought-provoking, and the story is both a warning and a reflection on the dangers of unchecked political power.",353,2.6,"slaughterhouse-five, charlotte brontë, fiction, story, characters, themes"
BK032,1984,Horror,1829,https://en.wikipedia.org/wiki/Nineteen_Eighty-Four,Herman Melville,"The Catcher in the Rye is a powerful coming-of-age novel that captures the struggles of adolescence. Written by J.D. Salinger, the story follows Holden Caulfield, a disillusioned teenager who feels disconnected from the world around him. The novel explores themes of alienation, identity, and the loss of innocence. Holden’s inner turmoil is conveyed with raw emotion, making it a deeply personal and relatable story for many readers. Salinger’s portrayal of the complexity of adolescence remains compelling and relevant, making the novel a touchstone for generations of young readers.",869,4.5,"1984, george orwell, winston smith, big brother, oceania, surveillance, totalitarianism, rebellion, dystopia"
BK033,The Secret Garden,Fiction,1960,https://en.wikipedia.org/wiki/The_Secret_Garden,Herman Melville,"1984 is a chilling depiction of a dystopian society governed by totalitarian rule. George Orwell’s novel is set in a world where the government, represented by Big Brother, exercises absolute control over every aspect of life. The protagonist, Winston Smith, works for the Party but secretly rebels against the oppressive regime. The novel explores themes of surveillance, freedom, and the manipulation of truth, making it eerily relevant in today’s world. Orwell's writing is sharp, engaging, and thought-provoking, and the story is both a warning and a reflection on the dangers of unchecked political power.",805,1.2,"the secret garden, herman melville, fiction, secret, garden, story, characters, themes"
BK034,The Picture of Dorian Gray,Mystery,1922,https://en.wikipedia.org/wiki/The_Picture_of_Dorian_Gray,Leo Tolstoy,"The Secret Garden is a heartwarming novel by Frances Hodgson Burnett that tells the story of Mary Lennox, a spoiled and lonely girl who discovers a hidden, magical garden. As Mary transforms the garden, she also transforms herself and the lives of those around her. The novel is filled with themes of personal growth, friendship, and the healing power of nature. Burnett’s writing is gentle yet powerful, and the story’s message of hope and renewal resonates with readers of all ages. The Secret Garden is a classic tale of redemption and the power of kindness.",404,3.1,"the picture of dorian gray, leo tolstoy, mystery, picture, dorian, story, characters, themes"
BK035,Ender's Game,Horror,1802,https://en.wikipedia.org/wiki/Ender%27s_Game,George Orwell,"To Kill a Mockingbird is a profound exploration of race, morality, and justice in the American South. Written by Harper Lee, the novel follows young Scout Finch and her brother Jem as they witness their father, Atticus Finch, defend a black man falsely accused of raping a white woman. The story is filled with themes of prejudice, empathy, and the loss of innocence. Lee’s portrayal of the complexities of human nature and the importance of standing up for what is right makes this novel a powerful and enduring classic. The characters are well-drawn, and the themes remain relevant in today’s society.",869,3.5,"ender's game, george orwell, horror, ender's, game, story, characters, themes"
BK036,The Color Purple,Mystery,1836,https://en.wikipedia.org/wiki/The_Color_Purple,George Orwell,"The Great Gatsby is a mesmerizing portrayal of the American Dream gone awry. F. Scott Fitzgerald’s novel is set in the Jazz Age, a time of excess, decadence, and ambition. The story centers on Jay Gatsby, a mysterious millionaire who throws extravagant parties in the hopes of rekindling a lost romance with Daisy Buchanan. Through the eyes of narrator Nick Carraway, we see the emptiness beneath the glittering facade of wealth and privilege. The novel examines themes of love, class, and the fleeting nature of happiness, with Fitzgerald’s lyrical prose adding to the haunting beauty of the story.",351,4.9,"the color purple, george orwell, mystery, color, purple, story, characters, themes"
BK037,Wuthering Heights,Historical,1943,https://en.wikipedia.org/wiki/Wuthering_Heights,Harper Lee,"To Kill a Mockingbird is a profound exploration of race, morality, and justice in the American South. Written by Harper Lee, the novel follows young Scout Finch and her brother Jem as they witness their father, Atticus Finch, defend a black man falsely accused of raping a white woman. The story is filled with themes of prejudice, empathy, and the loss of innocence. Lee’s portrayal of the complexities of human nature and the importance of standing up for what is right makes this novel a powerful and enduring classic. The characters are well-drawn, and the themes remain relevant in today’s society.",170,2.8,"wuthering heights, harper lee, historical, wuthering, heights, story, characters, themes"
BK038,Brave New World,Fantasy,1943,https://en.wikipedia.org/wiki/Brave_New_World,J.R.R. Tolkien,"The Catcher in the Rye is a powerful coming-of-age novel that captures the struggles of adolescence. Written by J.D. Salinger, the story follows Holden Caulfield, a disillusioned teenager who feels disconnected from the world around him. The novel explores themes of alienation, identity, and the loss of innocence. Holden’s inner turmoil is conveyed with raw emotion, making it a deeply personal and relatable story for many readers. Salinger’s portrayal of the complexity of adolescence remains compelling and relevant, making the novel a touchstone for generations of young readers.",1100,1.1,"brave new world, j.r.r. tolkien, fantasy, brave, world, story, characters, themes"
BK039,The Night Circus,Fiction,1804,https://en.wikipedia.org/wiki/The_Night_Circus,Herman Melville,"The Catcher in the Rye is a powerful coming-of-age novel that captures the struggles of adolescence. Written by J.D. Salinger, the story follows Holden Caulfield, a disillusioned teenager who feels disconnected from the world around him. The novel explores themes of alienation, identity, and the loss of innocence. Holden’s inner turmoil is conveyed with raw emotion, making it a deeply personal and relatable story for many readers. Salinger’s portrayal of the complexity of adolescence remains compelling and relevant, making the novel a touchstone for generations of young readers.",1002,3.7,"the night circus, herman melville, fiction, night, circus, story, characters, themes"
BK040,The Road,Historical,2005,https://en.wikipedia.org/wiki/The_Road_(novel),F. Scott Fitzgerald,"1984 is a chilling depiction of a dystopian society governed by totalitarian rule. George Orwell’s novel is set in a world where the government, represented by Big Brother, exercises absolute control over every aspect of life. The protagonist, Winston Smith, works for the Party but secretly rebels against the oppressive regime. The novel explores themes of surveillance, freedom, and the manipulation of truth, making it eerily relevant in today’s world. Orwell's writing is sharp, engaging, and thought-provoking, and the story is both a warning and a reflection on the dangers of unchecked political power.",310,1.5,"the road, f. scott fitzgerald, historical, road, story, characters, themes"
BK041,To Kill a Mockingbird,Fantasy,1869,https://en.wikipedia.org/wiki/To_Kill_a_Mockingbird,Charlotte Brontë,"Wuthering Heights is a dark and passionate novel that explores the destructive power of love. Written by Emily Brontë, it tells the story of Heathcliff, a brooding and vengeful man, and his obsessive love for Catherine Earnshaw. The novel is filled with intense emotions, and Brontë’s writing conveys the wildness and isolation of the Yorkshire moors. Wuthering Heights explores themes of love, revenge, and the consequences of unchecked passion. The novel’s Gothic atmosphere and complex characters make it a timeless classic that continues to captivate readers.",644,2.6,"to kill a mockingbird, harper lee, atticus finch, scout finch, alabama, racial injustice, morality, law"
BK042,The Picture of Dorian Gray,Mystery,1990,https://en.wikipedia.org/wiki/The_Picture_of_Dorian_Gray,George Orwell,"1984 is a chilling depiction of a dystopian society governed by totalitarian rule. George Orwell’s novel is set in a world where the government, represented by Big Brother, exercises absolute control over every aspect of life. The protagonist, Winston Smith, works for the Party but secretly rebels against the oppressive regime. The novel explores themes of surveillance, freedom, and the manipulation of truth, making it eerily relevant in today’s world. Orwell's writing is sharp, engaging, and thought-provoking, and the story is both a warning and a reflection on the dangers of unchecked political power.",603,4.9,"the picture of dorian gray, george orwell, mystery, picture, dorian, story, characters, themes"
BK043,Gone with the Wind,Horror,1892,https://en.wikipedia.org/wiki/Gone_with_the_Wind,Charlotte Brontë,"The Great Gatsby is a mesmerizing portrayal of the American Dream gone awry. F. Scott Fitzgerald’s novel is set in the Jazz Age, a time of excess, decadence, and ambition. The story centers on Jay Gatsby, a mysterious millionaire who throws extravagant parties in the hopes of rekindling a lost romance with Daisy Buchanan. Through the eyes of narrator Nick Carraway, we see the emptiness beneath the glittering facade of wealth and privilege. The novel examines themes of love, class, and the fleeting nature of happiness, with Fitzgerald’s lyrical prose adding to the haunting beauty of the story.",748,4.4,"gone with the wind, charlotte brontë, horror, gone, wind, story, characters, themes"
BK044,Moby-Dick,Fiction,1834,https://en.wikipedia.org/wiki/Moby-Dick,Charlotte Brontë,"To Kill a Mockingbird is a profound exploration of race, morality, and justice in the American South. Written by Harper Lee, the novel follows young Scout Finch and her brother Jem as they witness their father, Atticus Finch, defend a black man falsely accused of raping a white woman. The story is filled with themes of prejudice, empathy, and the loss of innocence. Lee’s portrayal of the complexities of human nature and the importance of standing up for what is right makes this novel a powerful and enduring classic. The characters are well-drawn, and the themes remain relevant in today’s society.",482,1.2,"moby-dick, charlotte brontë, fiction, story, characters, themes"
BK045,The Hobbit,Romance,1990,https://en.wikipedia.org/wiki/The_Hobbit,J.D. Salinger,"The Outsiders is a gripping story of class conflict, friendship, and growing up. Written by S.E. Hinton, the novel follows the lives of two rival groups: the Greasers and the Socs. Through the eyes of Ponyboy Curtis, the reader is drawn into the struggles of adolescence, including issues of identity, loyalty, and violence. Hinton’s portrayal of the complexity of youth, and the tension between social classes, makes this novel both compelling and thought-provoking. The Outsiders remains a poignant reminder of the challenges of growing up and the importance of finding one’s place in the world.",1058,2.3,"the hobbit, j.r.r. tolkien, bilbo baggins, middle earth, smaug, dragon, adventure, quest, fantasy"
BK046,The Hobbit,Science Fiction,1995,https://en.wikipedia.org/wiki/The_Hobbit,F. Scott Fitzgerald,"The Great Gatsby is a mesmerizing portrayal of the American Dream gone awry. F. Scott Fitzgerald’s novel is set in the Jazz Age, a time of excess, decadence, and ambition. The story centers on Jay Gatsby, a mysterious millionaire who throws extravagant parties in the hopes of rekindling a lost romance with Daisy Buchanan. Through the eyes of narrator Nick Carraway, we see the emptiness beneath the glittering facade of wealth and privilege. The novel examines themes of love, class, and the fleeting nature of happiness, with Fitzgerald’s lyrical prose adding to the haunting beauty of the story.",176,2.8,"the hobbit, j.r.r. tolkien, bilbo baggins, middle earth, smaug, dragon, adventure, quest, fantasy"
BK047,Crime and Punishment,Fantasy,1966,https://en.wikipedia.org/wiki/Crime_and_Punishment,Charlotte Brontë,"Pride and Prejudice is a timeless romance novel that deftly explores the intricacies of love, class, and society. Written by Jane Austen, it follows the relationship between the strong-willed Elizabeth Bennet and the aloof Mr. Darcy. The novel is filled with witty dialogue, insightful observations, and memorable characters. Austen masterfully critiques the social norms of the time, particularly regarding marriage and class, while creating a story that still resonates with readers today. Elizabeth and Darcy’s evolving relationship is at the heart of the story, making it an enduring classic of English literature.",1064,1.7,"crime and punishment, charlotte brontë, fantasy, crime, punishment, story, characters, themes"
BK048,The Fault in Our Stars,Mystery,1817,https://en.wikipedia.org/wiki/The_Fault_in_Our_Stars,J.D. Salinger,"Pride and Prejudice is a timeless romance novel that deftly explores the intricacies of love, class, and society. Written by Jane Austen, it follows the relationship between the strong-willed Elizabeth Bennet and the aloof Mr. Darcy. The novel is filled with witty dialogue, insightful observations, and memorable characters. Austen masterfully critiques the social norms of the time, particularly regarding marriage and class, while creating a story that still resonates with readers today. Elizabeth and Darcy’s evolving relationship is at the heart of the story, making it an enduring classic of English literature.",546,2.7,"the fault in our stars, j.d. salinger, mystery, fault, stars, story, characters, themes"
BK049,The Hobbit,Historical,1931,https://en.wikipedia.org/wiki/The_Hobbit,F. Scott Fitzgerald,"1984 is a chilling depiction of a dystopian society governed by totalitarian rule. George Orwell’s novel is set in a world where the government, represented by Big Brother, exercises absolute control over every aspect of life. The protagonist, Winston Smith, works for the Party but secretly rebels against the oppressive regime. The novel explores themes of surveillance, freedom, and the manipulation of truth, making it eerily relevant in today’s world. Orwell's writing is sharp, engaging, and thought-provoking, and the story is both a warning and a reflection on the dangers of unchecked political power.",630,4.3,"the hobbit, j.r.r. tolkien, bilbo baggins, middle earth, smaug, dragon, adventure, quest, fantasy"
BK050,The Kite Runner,Adventure,1880,https://en.wikipedia.org/wiki/The_Kite_Runner,Aldous Huxley,"1984 is a chilling depiction of a dystopian society governed by totalitarian rule. George Orwell’s novel is set in a world where the government, represented by Big Brother, exercises absolute control over every aspect of life. The protagonist, Winston Smith, works for the Party but secretly rebels against the oppressive regime. The novel explores themes of surveillance, freedom, and the manipulation of truth, making it eerily relevant in today’s world. Orwell's writing is sharp, engaging, and thought-provoking, and the story is both a warning and a reflection on the dangers of unchecked political power.",390,1.7,"the kite runner, aldous huxley, adventure, kite, runner, story, characters, themes"
BK051,The Color Purple,Historical,1938,https://en.wikipedia.org/wiki/The_Color_Purple,Leo Tolstoy,"The Outsiders is a gripping story of class conflict, friendship, and growing up. Written by S.E. Hinton, the novel follows the lives of two rival groups: the Greasers and the Socs. Through the eyes of Ponyboy Curtis, the reader is drawn into the struggles of adolescence, including issues of identity, loyalty, and violence. Hinton’s portrayal of the complexity of youth, and the tension between social classes, makes this novel both compelling and thought-provoking. The Outsiders remains a poignant reminder of the challenges of growing up and the importance of finding one’s place in the world.",976,1.1,"the color purple, leo tolstoy, historical, color, purple, story, characters, themes"
BK052,The Great Gatsby,Science Fiction,1822,https://en.wikipedia.org/wiki/The_Great_Gatsby,Fyodor Dostoevsky,"The Road is a haunting post-apocalyptic novel by Cormac McCarthy that tells the story of a father and son struggling to survive in a desolate world. The novel is stark, spare, and deeply emotional, with McCarthy’s poetic writing capturing the bleakness of the environment and the deep love between the two characters. The father’s determination to protect his son and their struggle to maintain their humanity in a world devoid of hope form the emotional core of the story. The Road is a powerful meditation on survival, love, and the human spirit.",150,1.2,"the great gatsby, f. scott fitzgerald, jay gatsby, nick carraway, new york, american dream, jazz age, wealth"
BK053,Jane Eyre,Dystopian,1938,https://en.wikipedia.org/wiki/Jane_Eyre,Herman Melville,"Pride and Prejudice is a timeless romance novel that deftly explores the intricacies of love, class, and society. Written by Jane Austen, it follows the relationship between the strong-willed Elizabeth Bennet and the aloof Mr. Darcy. The novel is filled with witty dialogue, insightful observations, and memorable characters. Austen masterfully critiques the social norms of the time, particularly regarding marriage and class, while creating a story that still resonates with readers today. Elizabeth and Darcy’s evolving relationship is at the heart of the story, making it an enduring classic of English literature.",325,4.4,"jane eyre, herman melville, dystopian, jane, eyre, story, characters, themes"
BK054,The Kite Runner,Fiction,2019,https://en.wikipedia.org/wiki/The_Kite_Runner,Charlotte Brontë,"The Great Gatsby is a mesmerizing portrayal of the American Dream gone awry. F. Scott Fitzgerald’s novel is set in the Jazz Age, a time of excess, decadence, and ambition. The story centers on Jay Gatsby, a mysterious millionaire who throws extravagant parties in the hopes of rekindling a lost romance with Daisy Buchanan. Through the eyes of narrator Nick Carraway, we see the emptiness beneath the glittering facade of wealth and privilege. The novel examines themes of love, class, and the fleeting nature of happiness, with Fitzgerald’s lyrical prose adding to the haunting beauty of the story.",284,3.8,"the kite runner, charlotte brontë, fiction, kite, runner, story, characters, themes"
BK055,To Kill a Mockingbird,Historical,1821,https://en.wikipedia.org/wiki/To_Kill_a_Mockingbird,Leo Tolstoy,"To Kill a Mockingbird is a profound exploration of race, morality, and justice in the American South. Written by Harper Lee, the novel follows young Scout Finch and her brother Jem as they witness their father, Atticus Finch, defend a black man falsely accused of raping a white woman. The story is filled with themes of prejudice, empathy, and the loss of innocence. Lee’s portrayal of the complexities of human nature and the importance of standing up for what is right makes this novel a powerful and enduring classic. The characters are well-drawn, and the themes remain relevant in today’s society.",251,3.1,"to kill a mockingbird, harper lee, atticus finch, scout finch, alabama, racial injustice, morality, law"
BK056,Dracula,Dystopian,1978,https://en.wikipedia.org/wiki/Dracula,F. Scott Fitzgerald,"1984 is a chilling depiction of a dystopian society governed by totalitarian rule. George Orwell’s novel is set in a world where the government, represented by Big Brother, exercises absolute control over every aspect of life. The protagonist, Winston Smith, works for the Party but secretly rebels against the oppressive regime. The novel explores themes of surveillance, freedom, and the manipulation of truth, making it eerily relevant in today’s world. Orwell's writing is sharp, engaging, and thought-provoking, and the story is both a warning and a reflection on the dangers of unchecked political power.",962,2.6,"dracula, f. scott fitzgerald, dystopian, story, characters, themes"
BK057,The Kite Runner,Fantasy,1917,https://en.wikipedia.org/wiki/The_Kite_Runner,J.D. Salinger,"The Road is a haunting post-apocalyptic novel by Cormac McCarthy that tells the story of a father and son struggling to survive in a desolate world. The novel is stark, spare, and deeply emotional, with McCarthy’s poetic writing capturing the bleakness of the environment and the deep love between the two characters. The father’s determination to protect his son and their struggle to maintain their humanity in a world devoid of hope form the emotional core of the story. The Road is a powerful meditation on survival, love, and the human spirit.",547,3.3,"the kite runner, j.d. salinger, fantasy, kite, runner, story, characters, themes"
BK058,The Fault in Our Stars,Dystopian,2012,https://en.wikipedia.org/wiki/The_Fault_in_Our_Stars,Aldous Huxley,"Wuthering Heights is a dark and passionate novel that explores the destructive power of love. Written by Emily Brontë, it tells the story of Heathcliff, a brooding and vengeful man, and his obsessive love for Catherine Earnshaw. The novel is filled with intense emotions, and Brontë’s writing conveys the wildness and isolation of the Yorkshire moors. Wuthering Heights explores themes of love, revenge, and the consequences of unchecked passion. The novel’s Gothic atmosphere and complex characters make it a timeless classic that continues to captivate readers.",367,4.5,"the fault in our stars, aldous huxley, dystopian, fault, stars, story, characters, themes"
BK059,The Grapes of Wrath,Fiction,1803,https://en.wikipedia.org/wiki/The_Grapes_of_Wrath,Leo Tolstoy,"The Secret Garden is a heartwarming novel by Frances Hodgson Burnett that tells the story of Mary Lennox, a spoiled and lonely girl who discovers a hidden, magical garden. As Mary transforms the garden, she also transforms herself and the lives of those around her. The novel is filled with themes of personal growth, friendship, and the healing power of nature. Burnett’s writing is gentle yet powerful, and the story’s message of hope and renewal resonates with readers of all ages. The Secret Garden is a classic tale of redemption and the power of kindness.",598,1.1,"the grapes of wrath, leo tolstoy, fiction, grapes, wrath, story, characters, themes"
BK060,The Great Gatsby,Romance,2003,https://en.wikipedia.org/wiki/The_Great_Gatsby,George Orwell,"The Outsiders is a gripping story of class conflict, friendship, and growing up. Written by S.E. Hinton, the novel follows the lives of two rival groups: the Greasers and the Socs. Through the eyes of Ponyboy Curtis, the reader is drawn into the struggles of adolescence, including issues of identity, loyalty, and violence. Hinton’s portrayal of the complexity of youth, and the tension between social classes, makes this novel both compelling and thought-provoking. The Outsiders remains a poignant reminder of the challenges of growing up and the importance of finding one’s place in the world.",335,4.9,"the great gatsby, f. scott fitzgerald, jay gatsby, nick carraway, new york, american dream, jazz age, wealth"
BK061,The Fault in Our Stars,Romance,1854,https://en.wikipedia.org/wiki/The_Fault_in_Our_Stars,Aldous Huxley,"The Outsiders is a gripping story of class conflict, friendship, and growing up. Written by S.E. Hinton, the novel follows the lives of two rival groups: the Greasers and the Socs. Through the eyes of Ponyboy Curtis, the reader is drawn into the struggles of adolescence, including issues of identity, loyalty, and violence. Hinton’s portrayal of the complexity of youth, and the tension between social classes, makes this novel both compelling and thought-provoking. The Outsiders remains a poignant reminder of the challenges of growing up and the importance of finding one’s place in the world.",614,3,"the fault in our stars, aldous huxley, romance, fault, stars, story, characters, themes"
BK062,Crime and Punishment,Horror,1899,https://en.wikipedia.org/wiki/Crime_and_Punishment,Fyodor Dostoevsky,"The Hobbit is a captivating fantasy novel that takes readers on a journey through the fictional world of Middle-earth. Written by J.R.R. Tolkien, it follows the adventures of Bilbo Baggins, a hobbit who is reluctantly drawn into a quest to reclaim treasure from the dragon Smaug. The novel is filled with vivid descriptions of landscapes, creatures, and mythical beings, making it an immersive read. The characters are richly developed, with Bilbo's transformation from a shy, unassuming hobbit to a courageous hero being particularly compelling. The book also explores themes of bravery, friendship, and the struggle between good and evil. Overall, The Hobbit is a timeless classic that has captivated generations of readers and continues to be a must-read for fantasy enthusiasts.",1142,2.4,"crime and punishment, fyodor dostoevsky, horror, crime, punishment, story, characters, themes"
BK063,Gone with the Wind,Historical,1903,https://en.wikipedia.org/wiki/Gone_with_the_Wind,Leo Tolstoy,"The Great Gatsby is a mesmerizing portrayal of the American Dream gone awry. F. Scott Fitzgerald’s novel is set in the Jazz Age, a time of excess, decadence, and ambition. The story centers on Jay Gatsby, a mysterious millionaire who throws extravagant parties in the hopes of rekindling a lost romance with Daisy Buchanan. Through the eyes of narrator Nick Carraway, we see the emptiness beneath the glittering facade of wealth and privilege. The novel examines themes of love, class, and the fleeting nature of happiness, with Fitzgerald’s lyrical prose adding to the haunting beauty of the story.",406,3.5,"gone with the wind, leo tolstoy, historical, gone, wind, story, characters, themes"
BK064,Ender's Game,Fantasy,1877,https://en.wikipedia.org/wiki/Ender%27s_Game,J.R.R. Tolkien,"The Hobbit is a captivating fantasy novel that takes readers on a journey through the fictional world of Middle-earth. Written by J.R.R. Tolkien, it follows the adventures of Bilbo Baggins, a hobbit who is reluctantly drawn into a quest to reclaim treasure from the dragon Smaug. The novel is filled with vivid descriptions of landscapes, creatures, and mythical beings, making it an immersive read. The characters are richly developed, with Bilbo's transformation from a shy, unassuming hobbit to a courageous hero being particularly compelling. The book also explores themes of bravery, friendship, and the struggle between good and evil. Overall, The Hobbit is a timeless classic that has captivated generations of readers and continues to be a must-read for fantasy enthusiasts.",664,1.7,"ender's game, j.r.r. tolkien, fantasy, ender's, game, story, characters, themes"
BK065,Crime and Punishment,Dystopian,1968,https://en.wikipedia.org/wiki/Crime_and_Punishment,Herman Melville,"The Secret Garden is a heartwarming novel by Frances Hodgson Burnett that tells the story of Mary Lennox, a spoiled and lonely girl who discovers a hidden, magical garden. As Mary transforms the garden, she also transforms herself and the lives of those around her. The novel is filled with themes of personal growth, friendship, and the healing power of nature. Burnett’s writing is gentle yet powerful, and the story’s message of hope and renewal resonates with readers of all ages. The Secret Garden is a classic tale of redemption and the power of kindness.",571,1.9,"crime and punishment, herman melville, dystopian, crime, punishment, story, characters, themes"
BK066,The Help,Historical,1880,https://en.wikipedia.org/wiki/The_Help,J.R.R. Tolkien,"The Catcher in the Rye is a powerful coming-of-age novel that captures the struggles of adolescence. Written by J.D. Salinger, the story follows Holden Caulfield, a disillusioned teenager who feels disconnected from the world around him. The novel explores themes of alienation, identity, and the loss of innocence. Holden’s inner turmoil is conveyed with raw emotion, making it a deeply personal and relatable story for many readers. Salinger’s portrayal of the complexity of adolescence remains compelling and relevant, making the novel a touchstone for generations of young readers.",544,3.8,"the help, j.r.r. tolkien, historical, help, story, characters, themes"
BK067,Crime and Punishment,Dystopian,1984,https://en.wikipedia.org/wiki/Crime_and_Punishment,J.R.R. Tolkien,"The Catcher in the Rye is a powerful coming-of-age novel that captures the struggles of adolescence. Written by J.D. Salinger, the story follows Holden Caulfield, a disillusioned teenager who feels disconnected from the world around him. The novel explores themes of alienation, identity, and the loss of innocence. Holden’s inner turmoil is conveyed with raw emotion, making it a deeply personal and relatable story for many readers. Salinger’s portrayal of the complexity of adolescence remains compelling and relevant, making the novel a touchstone for generations of young readers.",1037,3.9,"crime and punishment, j.r.r. tolkien, dystopian, crime, punishment, story, characters, themes"
BK068,The Chronicles of Narnia,Fantasy,1981,https://en.wikipedia.org/wiki/The_Chronicles_of_Narnia,Aldous Huxley,"1984 is a chilling depiction of a dystopian society governed by totalitarian rule. George Orwell’s novel is set in a world where the government, represented by Big Brother, exercises absolute control over every aspect of life. The protagonist, Winston Smith, works for the Party but secretly rebels against the oppressive regime. The novel explores themes of surveillance, freedom, and the manipulation of truth, making it eerily relevant in today’s world. Orwell's writing is sharp, engaging, and thought-provoking, and the story is both a warning and a reflection on the dangers of unchecked political power.",237,2.6,"the chronicles of narnia, aldous huxley, fantasy, chronicles, narnia, story, characters, themes"
BK069,The Grapes of Wrath,Historical,1981,https://en.wikipedia.org/wiki/The_Grapes_of_Wrath,J.D. Salinger,"The Hobbit is a captivating fantasy novel that takes readers on a journey through the fictional world of Middle-earth. Written by J.R.R. Tolkien, it follows the adventures of Bilbo Baggins, a hobbit who is reluctantly drawn into a quest to reclaim treasure from the dragon Smaug. The novel is filled with vivid descriptions of landscapes, creatures, and mythical beings, making it an immersive read. The characters are richly developed, with Bilbo's transformation from a shy, unassuming hobbit to a courageous hero being particularly compelling. The book also explores themes of bravery, friendship, and the struggle between good and evil. Overall, The Hobbit is a timeless classic that has captivated generations of readers and continues to be a must-read for fantasy enthusiasts.",974,2.5,"the grapes of wrath, j.d. salinger, historical, grapes, wrath, story, characters, themes"
BK070,The Grapes of Wrath,Fantasy,1823,https://en.wikipedia.org/wiki/The_Grapes_of_Wrath,J.R.R. Tolkien,"The Road is a haunting post-apocalyptic novel by Cormac McCarthy that tells the story of a father and son struggling to survive in a desolate world. The novel is stark, spare, and deeply emotional, with McCarthy’s poetic writing capturing the bleakness of the environment and the deep love between the two characters. The father’s determination to protect his son and their struggle to maintain their humanity in a world devoid of hope form the emotional core of the story. The Road is a powerful meditation on survival, love, and the human spirit.",678,4.6,"the grapes of wrath, j.r.r. tolkien, fantasy, grapes, wrath, story, characters, themes"
BK071,Wuthering Heights,Horror,1975,https://en.wikipedia.org/wiki/Wuthering_Heights,Aldous Huxley,"Pride and Prejudice is a timeless romance novel that deftly explores the intricacies of love, class, and society. Written by Jane Austen, it follows the relationship between the strong-willed Elizabeth Bennet and the aloof Mr. Darcy. The novel is filled with witty dialogue, insightful observations, and memorable characters. Austen masterfully critiques the social norms of the time, particularly regarding marriage and class, while creating a story that still resonates with readers today. Elizabeth and Darcy’s evolving relationship is at the heart of the story, making it an enduring classic of English literature.",833,4.4,"wuthering heights, aldous huxley, horror, wuthering, heights, story, characters, themes"
BK072,Dracula,Fiction,1808,https://en.wikipedia.org/wiki/Dracula,Aldous Huxley,"The Catcher in the Rye is a powerful coming-of-age novel that captures the struggles of adolescence. Written by J.D. Salinger, the story follows Holden Caulfield, a disillusioned teenager who feels disconnected from the world around him. The novel explores themes of alienation, identity, and the loss of innocence. Holden’s inner turmoil is conveyed with raw emotion, making it a deeply personal and relatable story for many readers. Salinger’s portrayal of the complexity of adolescence remains compelling and relevant, making the novel a touchstone for generations of young readers.",1086,2.2,"dracula, aldous huxley, fiction, story, characters, themes"
BK073,Frankenstein,Adventure,2001,https://en.wikipedia.org/wiki/Frankenstein,Aldous Huxley,"The Road is a haunting post-apocalyptic novel by Cormac McCarthy that tells the story of a father and son struggling to survive in a desolate world. The novel is stark, spare, and deeply emotional, with McCarthy’s poetic writing capturing the bleakness of the environment and the deep love between the two characters. The father’s determination to protect his son and their struggle to maintain their humanity in a world devoid of hope form the emotional core of the story. The Road is a powerful meditation on survival, love, and the human spirit.",1143,1.3,"frankenstein, aldous huxley, adventure, story, characters, themes"
BK074,The Catcher in the Rye,Horror,1825,https://en.wikipedia.org/wiki/The_Catcher_in_the_Rye,Aldous Huxley,"The Great Gatsby is a mesmerizing portrayal of the American Dream gone awry. F. Scott Fitzgerald’s novel is set in the Jazz Age, a time of excess, decadence, and ambition. The story centers on Jay Gatsby, a mysterious millionaire who throws extravagant parties in the hopes of rekindling a lost romance with Daisy Buchanan. Through the eyes of narrator Nick Carraway, we see the emptiness beneath the glittering facade of wealth and privilege. The novel examines themes of love, class, and the fleeting nature of happiness, with Fitzgerald’s lyrical prose adding to the haunting beauty of the story.",292,2.4,"the catcher in the rye, j.d. salinger, holden caulfield, new york city, adolescence, identity, alienation"
BK075,To Kill a Mockingbird,Dystopian,1893,https://en.wikipedia.org/wiki/To_Kill_a_Mockingbird,F. Scott Fitzgerald,"The Outsiders is a gripping story of class conflict, friendship, and growing up. Written by S.E. Hinton, the novel follows the lives of two rival groups: the Greasers and the Socs. Through the eyes of Ponyboy Curtis, the reader is drawn into the struggles of adolescence, including issues of identity, loyalty, and violence. Hinton’s portrayal of the complexity of youth, and the tension between social classes, makes this novel both compelling and thought-provoking. The Outsiders remains a poignant reminder of the challenges of growing up and the importance of finding one’s place in the world.",932,2.5,"to kill a mockingbird, harper lee, atticus finch, scout finch, alabama, racial injustice, morality, law"
BK076,The Book Thief,Fantasy,1965,https://en.wikipedia.org/wiki/The_Book_Thief,Harper Lee,"The Great Gatsby is a mesmerizing portrayal of the American Dream gone awry. F. Scott Fitzgerald’s novel is set in the Jazz Age, a time of excess, decadence, and ambition. The story centers on Jay Gatsby, a mysterious millionaire who throws extravagant parties in the hopes of rekindling a lost romance with Daisy Buchanan. Through the eyes of narrator Nick Carraway, we see the emptiness beneath the glittering facade of wealth and privilege. The novel examines themes of love, class, and the fleeting nature of happiness, with Fitzgerald’s lyrical prose adding to the haunting beauty of the story.",983,2.6,"book thief, markus zusak, liesel meminger, nazi germany, world war ii, death narrator, books, resilience"
BK077,The Picture of Dorian Gray,Dystopian,1919,https://en.wikipedia.org/wiki/The_Picture_of_Dorian_Gray,George Orwell,"Wuthering Heights is a dark and passionate novel that explores the destructive power of love. Written by Emily Brontë, it tells the story of Heathcliff, a brooding and vengeful man, and his obsessive love for Catherine Earnshaw. The novel is filled with intense emotions, and Brontë’s writing conveys the wildness and isolation of the Yorkshire moors. Wuthering Heights explores themes of love, revenge, and the consequences of unchecked passion. The novel’s Gothic atmosphere and complex characters make it a timeless classic that continues to captivate readers.",471,3.2,"the picture of dorian gray, george orwell, dystopian, picture, dorian, story, characters, themes"
BK078,The Book Thief,Historical,1883,https://en.wikipedia.org/wiki/The_Book_Thief,Harper Lee,"The Outsiders is a gripping story of class conflict, friendship, and growing up. Written by S.E. Hinton, the novel follows the lives of two rival groups: the Greasers and the Socs. Through the eyes of Ponyboy Curtis, the reader is drawn into the struggles of adolescence, including issues of identity, loyalty, and violence. Hinton’s portrayal of the complexity of youth, and the tension between social classes, makes this novel both compelling and thought-provoking. The Outsiders remains a poignant reminder of the challenges of growing up and the importance of finding one’s place in the world.",409,4,"book thief, markus zusak, liesel meminger, nazi germany, world war ii, death narrator, books, resilience"
BK079,Frankenstein,Adventure,1965,https://en.wikipedia.org/wiki/Frankenstein,F. Scott Fitzgerald,"Pride and Prejudice is a timeless romance novel that deftly explores the intricacies of love, class, and society. Written by Jane Austen, it follows the relationship between the strong-willed Elizabeth Bennet and the aloof Mr. Darcy. The novel is filled with witty dialogue, insightful observations, and memorable characters. Austen masterfully critiques the social norms of the time, particularly regarding marriage and class, while creating a story that still resonates with readers today. Elizabeth and Darcy’s evolving relationship is at the heart of the story, making it an enduring classic of English literature.",945,2.1,"frankenstein, f. scott fitzgerald, adventure, story, characters, themes"
BK080,The Road,Mystery,1897,https://en.wikipedia.org/wiki/The_Road_(novel),Harper Lee,"The Catcher in the Rye is a powerful coming-of-age novel that captures the struggles of adolescence. Written by J.D. Salinger, the story follows Holden Caulfield, a disillusioned teenager who feels disconnected from the world around him. The novel explores themes of alienation, identity, and the loss of innocence. Holden’s inner turmoil is conveyed with raw emotion, making it a deeply personal and relatable story for many readers. Salinger’s portrayal of the complexity of adolescence remains compelling and relevant, making the novel a touchstone for generations of young readers.",1021,2.2,"the road, harper lee, mystery, road, story, characters, themes"
BK081,Dracula,Fiction,1841,https://en.wikipedia.org/wiki/Dracula,George Orwell,"1984 is a chilling depiction of a dystopian society governed by totalitarian rule. George Orwell’s novel is set in a world where the government, represented by Big Brother, exercises absolute control over every aspect of life. The protagonist, Winston Smith, works for the Party but secretly rebels against the oppressive regime. The novel explores themes of surveillance, freedom, and the manipulation of truth, making it eerily relevant in today’s world. Orwell's writing is sharp, engaging, and thought-provoking, and the story is both a warning and a reflection on the dangers of unchecked political power.",198,1.1,"dracula, george orwell, fiction, story, characters, themes"
BK082,The Kite Runner,Historical,1972,https://en.wikipedia.org/wiki/The_Kite_Runner,Charlotte Brontë,"Pride and Prejudice is a timeless romance novel that deftly explores the intricacies of love, class, and society. Written by Jane Austen, it follows the relationship between the strong-willed Elizabeth Bennet and the aloof Mr. Darcy. The novel is filled with witty dialogue, insightful observations, and memorable characters. Austen masterfully critiques the social norms of the time, particularly regarding marriage and class, while creating a story that still resonates with readers today. Elizabeth and Darcy’s evolving relationship is at the heart of the story, making it an enduring classic of English literature.",860,2.4,"the kite runner, charlotte brontë, historical, kite, runner, story, characters, themes"
BK083,The Great Gatsby,Adventure,1917,https://en.wikipedia.org/wiki/The_Great_Gatsby,Harper Lee,"The Great Gatsby is a mesmerizing portrayal of the American Dream gone awry. F. Scott Fitzgerald’s novel is set in the Jazz Age, a time of excess, decadence, and ambition. The story centers on Jay Gatsby, a mysterious millionaire who throws extravagant parties in the hopes of rekindling a lost romance with Daisy Buchanan. Through the eyes of narrator Nick Carraway, we see the emptiness beneath the glittering facade of wealth and privilege. The novel examines themes of love, class, and the fleeting nature of happiness, with Fitzgerald’s lyrical prose adding to the haunting beauty of the story.",281,3.8,"the great gatsby, f. scott fitzgerald, jay gatsby, nick carraway, new york, american dream, jazz age, wealth"
BK084,A Wrinkle in Time,Romance,1914,https://en.wikipedia.org/wiki/A_Wrinkle_in_Time,Charlotte Brontë,"The Great Gatsby is a mesmerizing portrayal of the American Dream gone awry. F. Scott Fitzgerald’s novel is set in the Jazz Age, a time of excess, decadence, and ambition. The story centers on Jay Gatsby, a mysterious millionaire who throws extravagant parties in the hopes of rekindling a lost romance with Daisy Buchanan. Through the eyes of narrator Nick Carraway, we see the emptiness beneath the glittering facade of wealth and privilege. The novel examines themes of love, class, and the fleeting nature of happiness, with Fitzgerald’s lyrical prose adding to the haunting beauty of the story.",850,1.8,"a wrinkle in time, charlotte brontë, romance, wrinkle, time, story, characters, themes"
BK085,The Shining,Fiction,1920,https://en.wikipedia.org/wiki/The_Shinig,F. Scott Fitzgerald,"The Catcher in the Rye is a powerful coming-of-age novel that captures the struggles of adolescence. Written by J.D. Salinger, the story follows Holden Caulfield, a disillusioned teenager who feels disconnected from the world around him. The novel explores themes of alienation, identity, and the loss of innocence. Holden’s inner turmoil is conveyed with raw emotion, making it a deeply personal and relatable story for many readers. Salinger’s portrayal of the complexity of adolescence remains compelling and relevant, making the novel a touchstone for generations of young readers.",197,1.4,"the shining, f. scott fitzgerald, fiction, shining, story, characters, themes"
BK086,1984,Science Fiction,1942,https://en.wikipedia.org/wiki/Nineteen_Eighty-Four,George Orwell,"The Catcher in the Rye is a powerful coming-of-age novel that captures the struggles of adolescence. Written by J.D. Salinger, the story follows Holden Caulfield, a disillusioned teenager who feels disconnected from the world around him. The novel explores themes of alienation, identity, and the loss of innocence. Holden’s inner turmoil is conveyed with raw emotion, making it a deeply personal and relatable story for many readers. Salinger’s portrayal of the complexity of adolescence remains compelling and relevant, making the novel a touchstone for generations of young readers.",351,1.6,"1984, george orwell, winston smith, big brother, oceania, surveillance, totalitarianism, rebellion, dystopia"
BK087,Frankenstein,Horror,1965,https://en.wikipedia.org/wiki/Frankenstein,Aldous Huxley,"The Catcher in the Rye is a powerful coming-of-age novel that captures the struggles of adolescence. Written by J.D. Salinger, the story follows Holden Caulfield, a disillusioned teenager who feels disconnected from the world around him. The novel explores themes of alienation, identity, and the loss of innocence. Holden’s inner turmoil is conveyed with raw emotion, making it a deeply personal and relatable story for many readers. Salinger’s portrayal of the complexity of adolescence remains compelling and relevant, making the novel a touchstone for generations of young readers.",466,4.9,"frankenstein, aldous huxley, horror, story, characters, themes"
BK088,The Alchemist,Fiction,1949,https://en.wikipedia.org/wiki/The_Alchemist_(novel),Charlotte Brontë,"Pride and Prejudice is a timeless romance novel that deftly explores the intricacies of love, class, and society. Written by Jane Austen, it follows the relationship between the strong-willed Elizabeth Bennet and the aloof Mr. Darcy. The novel is filled with witty dialogue, insightful observations, and memorable characters. Austen masterfully critiques the social norms of the time, particularly regarding marriage and class, while creating a story that still resonates with readers today. Elizabeth and Darcy’s evolving relationship is at the heart of the story, making it an enduring classic of English literature.",927,2.7,"the alchemist, charlotte brontë, fiction, alchemist, story, characters, themes"
BK089,Lord of the Flies,Adventure,1897,https://en.wikipedia.org/wiki/Lord_of_the_Flies,Leo Tolstoy,"Pride and Prejudice is a timeless romance novel that deftly explores the intricacies of love, class, and society. Written by Jane Austen, it follows the relationship between the strong-willed Elizabeth Bennet and the aloof Mr. Darcy. The novel is filled with witty dialogue, insightful observations, and memorable characters. Austen masterfully critiques the social norms of the time, particularly regarding marriage and class, while creating a story that still resonates with readers today. Elizabeth and Darcy’s evolving relationship is at the heart of the story, making it an enduring classic of English literature.",618,4,"lord of the flies, leo tolstoy, adventure, lord, flies, story, characters, themes"
BK090,The Shining,Fantasy,1805,https://en.wikipedia.org/wiki/The_Shinig,J.D. Salinger,"The Great Gatsby is a mesmerizing portrayal of the American Dream gone awry. F. Scott Fitzgerald’s novel is set in the Jazz Age, a time of excess, decadence, and ambition. The story centers on Jay Gatsby, a mysterious millionaire who throws extravagant parties in the hopes of rekindling a lost romance with Daisy Buchanan. Through the eyes of narrator Nick Carraway, we see the emptiness beneath the glittering facade of wealth and privilege. The novel examines themes of love, class, and the fleeting nature of happiness, with Fitzgerald’s lyrical prose adding to the haunting beauty of the story.",736,3.8,"the shining, j.d. salinger, fantasy, shining, story, characters, themes"
BK091,Dracula,Science Fiction,1937,https://en.wikipedia.org/wiki/Dracula,F. Scott Fitzgerald,"The Catcher in the Rye is a powerful coming-of-age novel that captures the struggles of adolescence. Written by J.D. Salinger, the story follows Holden Caulfield, a disillusioned teenager who feels disconnected from the world around him. The novel explores themes of alienation, identity, and the loss of innocence. Holden’s inner turmoil is conveyed with raw emotion, making it a deeply personal and relatable story for many readers. Salinger’s portrayal of the complexity of adolescence remains compelling and relevant, making the novel a touchstone for generations of young readers.",741,1.7,"dracula, f. scott fitzgerald, science fiction, story, characters, themes"
BK092,War and Peace,Science Fiction,1863,https://en.wikipedia.org/wiki/War_and_Peace,J.D. Salinger,"Wuthering Heights is a dark and passionate novel that explores the destructive power of love. Written by Emily Brontë, it tells the story of Heathcliff, a brooding and vengeful man, and his obsessive love for Catherine Earnshaw. The novel is filled with intense emotions, and Brontë’s writing conveys the wildness and isolation of the Yorkshire moors. Wuthering Heights explores themes of love, revenge, and the consequences of unchecked passion. The novel’s Gothic atmosphere and complex characters make it a timeless classic that continues to captivate readers.",916,2.5,"war and peace, j.d. salinger, science fiction, peace, story, characters, themes"
BK093,Ender's Game,Fiction,1865,https://en.wikipedia.org/wiki/Ender%27s_Game,Leo Tolstoy,"The Road is a haunting post-apocalyptic novel by Cormac McCarthy that tells the story of a father and son struggling to survive in a desolate world. The novel is stark, spare, and deeply emotional, with McCarthy’s poetic writing capturing the bleakness of the environment and the deep love between the two characters. The father’s determination to protect his son and their struggle to maintain their humanity in a world devoid of hope form the emotional core of the story. The Road is a powerful meditation on survival, love, and the human spirit.",1117,1.2,"ender's game, leo tolstoy, fiction, ender's, game, story, characters, themes"
BK094,War and Peace,Fantasy,1944,https://en.wikipedia.org/wiki/War_and_Peace,Herman Melville,"The Road is a haunting post-apocalyptic novel by Cormac McCarthy that tells the story of a father and son struggling to survive in a desolate world. The novel is stark, spare, and deeply emotional, with McCarthy’s poetic writing capturing the bleakness of the environment and the deep love between the two characters. The father’s determination to protect his son and their struggle to maintain their humanity in a world devoid of hope form the emotional core of the story. The Road is a powerful meditation on survival, love, and the human spirit.",460,4.9,"war and peace, herman melville, fantasy, peace, story, characters, themes"
BK095,Murder on the Orient Express,Science Fiction,1948,https://en.wikipedia.org/wiki/Murder_on_the_Orient_Express,J.D. Salinger,"The Great Gatsby is a mesmerizing portrayal of the American Dream gone awry. F. Scott Fitzgerald’s novel is set in the Jazz Age, a time of excess, decadence, and ambition. The story centers on Jay Gatsby, a mysterious millionaire who throws extravagant parties in the hopes of rekindling a lost romance with Daisy Buchanan. Through the eyes of narrator Nick Carraway, we see the emptiness beneath the glittering facade of wealth and privilege. The novel examines themes of love, class, and the fleeting nature of happiness, with Fitzgerald’s lyrical prose adding to the haunting beauty of the story.",566,1.6,"murder on the orient express, j.d. salinger, science fiction, murder, orient, story, characters, themes"
BK096,The Chronicles of Narnia,Science Fiction,1815,https://en.wikipedia.org/wiki/The_Chronicles_of_Narnia,Fyodor Dostoevsky,"Wuthering Heights is a dark and passionate novel that explores the destructive power of love. Written by Emily Brontë, it tells the story of Heathcliff, a brooding and vengeful man, and his obsessive love for Catherine Earnshaw. The novel is filled with intense emotions, and Brontë’s writing conveys the wildness and isolation of the Yorkshire moors. Wuthering Heights explores themes of love, revenge, and the consequences of unchecked passion. The novel’s Gothic atmosphere and complex characters make it a timeless classic that continues to captivate readers.",390,3.7,"the chronicles of narnia, fyodor dostoevsky, science fiction, chronicles, narnia, story, characters, themes"
BK097,The Hunger Games,Science Fiction,1888,https://en.wikipedia.org/wiki/The_Hunger_Games,J.D. Salinger,"The Great Gatsby is a mesmerizing portrayal of the American Dream gone awry. F. Scott Fitzgerald’s novel is set in the Jazz Age, a time of excess, decadence, and ambition. The story centers on Jay Gatsby, a mysterious millionaire who throws extravagant parties in the hopes of rekindling a lost romance with Daisy Buchanan. Through the eyes of narrator Nick Carraway, we see the emptiness beneath the glittering facade of wealth and privilege. The novel examines themes of love, class, and the fleeting nature of happiness, with Fitzgerald’s lyrical prose adding to the haunting beauty of the story.",170,2.6,"the hunger games, j.d. salinger, science fiction, hunger, games, story, characters, themes"
BK098,The Color Purple,Mystery,2006,https://en.wikipedia.org/wiki/The_Color_Purple,Charlotte Brontë,"The Great Gatsby is a mesmerizing portrayal of the American Dream gone awry. F. Scott Fitzgerald’s novel is set in the Jazz Age, a time of excess, decadence, and ambition. The story centers on Jay Gatsby, a mysterious millionaire who throws extravagant parties in the hopes of rekindling a lost romance with Daisy Buchanan. Through the eyes of narrator Nick Carraway, we see the emptiness beneath the glittering facade of wealth and privilege. The novel examines themes of love, class, and the fleeting nature of happiness, with Fitzgerald’s lyrical prose adding to the haunting beauty of the story.",506,2.1,"the color purple, charlotte brontë, mystery, color, purple, story, characters, themes"
BK099,The Color Purple,Adventure,1803,https://en.wikipedia.org/wiki/The_Color_Purple,Aldous Huxley,"Wuthering Heights is a dark and passionate novel that explores the destructive power of love. Written by Emily Brontë, it tells the story of Heathcliff, a brooding and vengeful man, and his obsessive love for Catherine Earnshaw. The novel is filled with intense emotions, and Brontë’s writing conveys the wildness and isolation of the Yorkshire moors. Wuthering Heights explores themes of love, revenge, and the consequences of unchecked passion. The novel’s Gothic atmosphere and complex characters make it a timeless classic that continues to captivate readers.",720,1.2,"the color purple, aldous huxley, adventure, color, purple, story, characters, themes"
BK100,Ender's Game,Dystopian,1816,https://en.wikipedia.org/wiki/Ender%27s_Game,George Orwell,"The Great Gatsby is a mesmerizing portrayal of the American Dream gone awry. F. Scott Fitzgerald’s novel is set in the Jazz Age, a time of excess, decadence, and ambition. The story centers on Jay Gatsby, a mysterious millionaire who throws extravagant parties in the hopes of rekindling a lost romance with Daisy Buchanan. Through the eyes of narrator Nick Carraway, we see the emptiness beneath the glittering facade of wealth and privilege. The novel examines themes of love, class, and the fleeting nature of happiness, with Fitzgerald’s lyrical prose adding to the haunting beauty of the story.",689,3.9,"ender's game, george orwell, dystopian, ender's, game, story, characters, themes"
